{
	"input" : 
	[
		{
			"bitw" : 8,
			"ch_dim" : 1,
			"data_format" : "4W4C8B",
			"name" : "images",
			"ndim" : 4,
			"onnx_shape" : 
			[
				1,
				3,
				640,
				640
			],
			"radix" : 
			[
				7,
				7,
				7
			],
			"scale" : 
			[
				1.0,
				1.0,
				1.0
			],
			"shape" : 
			[
				1,
				3,
				640,
				640
			],
			"stride" : 
			[
				1228800,
				4294557696,
				4294966656,
				4294967295
			]
		}
	],
	"output" : 
	[
		{
			"bitw" : 8,
			"ch_dim" : 1,
			"data_format" : "16W1C8B",
			"name" : "output0",
			"ndim" : 4,
			"onnx_shape" : 
			[
				1,
				14,
				8400
			],
			"radix" : 
			[
				-3,
				-3,
				-3,
				-3,
				-3,
				-3,
				-3,
				-3,
				-3,
				-3,
				-3,
				-3,
				-3,
				-3
			],
			"scale" : 
			[
				1.574277400970459,
				1.574277400970459,
				1.574277400970459,
				1.574277400970459,
				1.574277400970459,
				1.574277400970459,
				1.574277400970459,
				1.574277400970459,
				1.574277400970459,
				1.574277400970459,
				1.574277400970459,
				1.574277400970459,
				1.574277400970459,
				1.574277400970459
			],
			"shape" : 
			[
				1,
				14,
				8400,
				1
			],
			"stride" : 
			[
				117600,
				4294958896,
				4294967295,
				4294967295
			]
		}
	]
}